{"In Byte": {"edge": 9224.0, "max": 3632280613.0, "weights": [0.128123521133676, 0.010412299669702255, 0.007317437290344012, 0.005878299180777895, 0.011592535242249059, 0.013167140738236709, 0.012136981667391834, 0.040169431977816444, 0.09340132102390511, 0.009049502636619626, 0.004696330142601413, 0.005761238728609954, 0.007298760139315073, 0.008075375194872187, 0.021034149336295258, 0.009225581189528357, 0.010790865096288684, 0.0041173809268027885, 0.009130443776346137, 0.007051126672605746, 0.06766094845898757, 0.027701510531153658, 0.07386589310246028, 0.013036589028809996, 0.0836489307185235, 0.019140508328296564, 0.035563048324154294, 0.009355950463320648, 0.014086604485284314, 0.002329743290879273, 0.011597491080050305, 0.007606704291615258, 0.03755743284229587, 0.010056370582729256, 0.011864261950888428, 0.005196211795745574, 0.010809524223612537, 0.005997143452560563, 0.12637071331467228, 0.008124697969975201], "means": [278.8956783453851, 5223.404816462071, 2976.7712363925516, 7711.944788605197, 6120.530298971301, 1354.1067561492373, 4349.862745173043, 534.5497775388737, 113.88883185926174, 2137.980546684779, 8807.292416123892, 3246.2006951702206, 6990.515213356511, 4708.52575730623, 951.2323967742741, 1724.3396138144235, 5865.562056411703, 7973.433602363066, 3614.957930962887, 6769.530821450002, 385.0408289828027, 637.5896326131348, 0.018090480276504027, 2299.4629933306765, 123.37924981602885, 1180.6866887673393, 746.6756426526166, 5541.169683078879, 5008.084212117066, 8016.73906254037, 1850.0847095652748, 3761.3326016963865, 453.73767222395884, 1458.2484408988232, 2614.273534677346, 7388.646848208039, 4237.999379018789, 7944.112222290148, 219.46493834115554, 6401.333098568224], "std": [2131.7099212446524, 108127.16194308917, 48638.79643388335, 345449.0625871391, 112640.44778262732, 11676.533949460545, 48402.074608434974, 958.5697471393861, 724.0208948793321, 36064.59956327115, 88105.05033840313, 88056.73516204262, 219840.80734199588, 120317.15145149881, 10328.311571547016, 27690.2950555637, 125872.614246862, 287775.6855000645, 41728.91118345567, 238080.8797678555, 1464.512529288865, 1255.2062158594974, 81.98186082855712, 20465.195247223874, 979.0653090325367, 2553.8750640510148, 2928.214062436616, 137593.97447834827, 59883.21145143066, 318492.1277407217, 22226.77338601215, 60640.83428784121, 4388.770299144445, 24844.065406983293, 14950.157500237952, 436626.0122304607, 46298.65534358088, 266784.31432116247, 1750.950124946593, 216101.969781657]}, "Out Byte": {"edge": 3308.0, "max": 3327492876.0, "weights": [0.16767532007677693, 0.01683222144918237, 0.008690950747068679, 0.01093194596822941, 0.003424747420340135, 0.02681400984191862, 0.015559430591782476, 0.19148862814587972, 0.01634847059989522, 0.016689722650741867, 0.00883223266397563, 0.008206321090635375, 0.006224122719530925, 0.0078396314841988, 0.016480267782227394, 0.012649504835344667, 0.04560621552771562, 0.06399611084045612, 0.01872055830656267, 0.0054280389975122885, 0.010053397102549558, 0.01182951023532951, 0.022778314050632825, 0.009425488483509424, 0.0075983419075655225, 0.02554586423954775, 0.00751982231233081, 0.004441799024395383, 0.016057058083407908, 0.014922118756055735, 0.014687466445537915, 0.006081524053411836, 0.005052900694940792, 0.09694034071841981, 0.01864294466838637, 0.01827272984559409, 0.006476056613491326, 0.007135768538031192, 0.018759496308991257, 0.009340606177896034], "means": [76.64060921787653, 1597.5563578258398, 2462.365255555874, 833.7798035792704, 2969.111989236154, 1158.0141910464522, 2027.7514701820883, 153.2836178666942, 1435.6740526548301, 320.71511057128737, 1872.8152403939714, 2523.6759967718876, 2715.7994793698194, 2246.642445914727, 974.3690026649192, 668.2691095556199, 271.93434330161074, 0.011269491375845129, 1774.5416535962297, 2906.3850409164, 1224.217815663263, 1534.7820945924423, 761.2339784932781, 2110.9229381904324, 2350.7979711838507, 229.91765625511258, 3189.134391074762, 1042.4809111907725, 1674.2804471921745, 889.0880201744922, 1326.2770816906386, 2809.7234835073677, 540.7627172384356, 163.70746945940036, 1922.2077867457747, 1092.0053460393383, 2983.5419803278537, 2632.692395524315, 1013.6330945408602, 2174.7095371468235], "std": [37.997822642370515, 5241.47861800006, 20960.68680468209, 489.0078030252973, 26010.87984541665, 233.19521429410773, 4909.477911341995, 74.70186385175307, 2060.5948471053007, 826.9879581479659, 13205.109970322457, 24406.717861554418, 39980.69375207933, 20970.71858493832, 1494.113716455609, 3677.795375257955, 22.681094625511413, 19.025319296454818, 3791.7838517786663, 29889.62077043804, 1281.7902048136527, 6408.8270351872925, 1126.7383548653545, 14570.744134523971, 26216.097228315277, 60.74526816659791, 7174.17315275441, 5376.466037181052, 6480.925250558936, 265.17618788933606, 2172.838516441486, 38550.69476090553, 17546.731094644674, 598.8934055553741, 1596.781112804275, 491.5584466218298, 20983.985687681885, 32485.667965471926, 1013.1876394434863, 14268.154061266765]}, "Time": {"edge": 63127.5646, "max": 86399.819, "weights": [0.037620698226011974, 0.025547994158843977, 0.03824770753394239, 0.02189564516536316, 0.006045480262133172, 0.02840339055566148, 0.02605712976460771, 0.006044816123913925, 0.025680058149329957, 0.006018136202358455, 0.038981306997665874, 0.0260888762283218, 0.022016818880788915, 0.032431107226718665, 0.007247481150471532, 0.014649905275407158, 0.02496704032859894, 0.02073129492087918, 0.006629566979486601, 0.04340788201298472, 0.006430001733560487, 0.038404258573284916, 0.04975128463324573, 0.023357240353786276, 0.02613411409537692, 0.0256430551818241, 0.03911957178040158, 0.030800455237024522, 0.02092519750166145, 0.03274559281945917, 0.030168926930429912, 0.01897892007750501, 0.022184895311127967, 0.041956526239579295, 0.004472106105408928, 0.011152722851875277, 0.029612544994970864, 0.026141734851511514, 0.036308944000344984, 0.026999570584131518], "means": [49241.57496761061, 27925.619902899223, 56642.59416329024, 39549.64641624035, 8084.514743557367, 32802.00668148912, 44702.2800095402, 19877.79293228536, 61261.54364519972, 13868.550279910825, 52274.225464391, 35981.23098130812, 42055.92016084729, 55625.25760084601, 2215.0492530532974, 59550.73303629665, 46677.92625301747, 31055.13984799709, 16461.732771243915, 25791.41899273651, 10578.352813877638, 38382.77302442966, 50836.92502385742, 34550.89425275095, 40952.74415711339, 43087.64860661116, 53583.737438468386, 60458.54105938162, 29602.568823298705, 58814.69432666414, 48005.69080038137, 22392.87070349306, 62323.95788958694, 37154.32385608894, 6142.682392244212, 33679.98824425157, 40424.10172172926, 46091.940049784265, 57317.0667616845, 43741.698229997], "std": [295287.49380005046, 764866.6098364554, 626545.3657947477, 105830.64523927569, 9926728.224719334, 303742.35291773535, 429454.5101160369, 4591656.926469769, 702129.9192011401, 10667227.093850661, 320762.28828814893, 468568.46264739457, 344425.98288836476, 399011.30591024924, 2335219.03303817, 1489212.2292841356, 450755.03192332917, 210492.59383347616, 7350615.664137619, 1805585.5990780983, 11387641.089341296, 153752.86960959013, 319618.4648727188, 368565.96243870974, 405803.86423773004, 341565.6321004762, 300982.0087482997, 625712.8121592699, 882103.5521514369, 234893.04375672035, 321522.72968129395, 235758.4304042609, 290860.3889237763, 374171.2680314308, 7587746.225836752, 1306339.0802214197, 272674.14162422833, 460054.7521615147, 375254.11664713296, 445580.57079542323]}}