{"In Byte": {"edge": 746293464.1, "max": 2115894032.0, "weights": [0.9338332056246057, 0.06576446615642073, 0.00039251533558395116, 9.573544770370966e-06, 2.335010919609959e-07, 5.695148584431807e-09, 1.3890606303533136e-10, 3.3879527569689905e-12, 8.263299407264354e-14, 2.0154388798259884e-15, 4.915704584954214e-17, 1.1989523377967239e-18, 2.924273994633251e-20, 7.132375596683154e-22, 1.7396038040729817e-23, 4.2429361075042695e-25, 1.0348624652470961e-26, 2.524054793290631e-28, 6.156231203159617e-30, 1.5015198056514194e-31, 3.6622434284244445e-33, 8.932301044952377e-35, 2.1786100109673927e-36, 5.313682953586835e-38, 1.2960202325839518e-39, 3.1610249575259427e-41, 7.709816969584824e-43, 1.8804431633154902e-44, 4.586446739798648e-46, 1.1186455462934195e-47, 2.728403771449729e-49, 6.654643345004529e-51, 1.623083742685157e-52, 3.958740835819858e-54, 9.655465453224187e-56, 2.3549915739581394e-57, 5.74388188770477e-59, 1.4009468018795764e-60, 3.416943419219072e-62, 8.334008339559435e-64], "means": [4364606.323613494, 387207985.779417, 36958085.15217383, 36958085.15217383, 36958085.15217383, 36958085.15217383, 36958085.15217383, 36958085.15217383, 36958085.15217383, 36958085.15217383, 36958085.15217383, 36958085.15217383, 36958085.15217383, 36958085.15217383, 36958085.15217383, 36958085.15217383, 36958085.15217383, 36958085.15217383, 36958085.15217383, 36958085.15217383, 36958085.15217383, 36958085.15217383, 36958085.15217383, 36958085.15217383, 36958085.15217383, 36958085.15217383, 36958085.15217383, 36958085.15217383, 36958085.15217383, 36958085.15217383, 36958085.15217383, 36958085.15217383, 36958085.15217383, 36958085.15217383, 36958085.15217383, 36958085.15217383, 36958085.15217383, 36958085.15217383, 36958085.15217383, 36958085.15217383], "std": [560333552133490.1, 8.122872292911787e+16, 1.924485681679152e+16, 1.924485681679152e+16, 1.924485681679152e+16, 1.924485681679152e+16, 1.924485681679152e+16, 1.924485681679152e+16, 1.924485681679152e+16, 1.924485681679152e+16, 1.924485681679152e+16, 1.924485681679152e+16, 1.924485681679152e+16, 1.924485681679152e+16, 1.924485681679152e+16, 1.924485681679152e+16, 1.924485681679152e+16, 1.924485681679152e+16, 1.924485681679152e+16, 1.924485681679152e+16, 1.924485681679152e+16, 1.924485681679152e+16, 1.924485681679152e+16, 1.924485681679152e+16, 1.924485681679152e+16, 1.924485681679152e+16, 1.924485681679152e+16, 1.924485681679152e+16, 1.924485681679152e+16, 1.924485681679152e+16, 1.924485681679152e+16, 1.924485681679152e+16, 1.924485681679152e+16, 1.924485681679152e+16, 1.924485681679152e+16, 1.924485681679152e+16, 1.924485681679152e+16, 1.924485681679152e+16, 1.924485681679152e+16, 1.924485681679152e+16]}, "Out Byte": {"edge": 332285454.29999983, "max": 2915942988.0, "weights": [0.9276974939845898, 0.0718916986885181, 0.0004007876359923715, 9.775308194967233e-06, 2.384221510975055e-07, 5.815174417029967e-09, 1.4183352236700243e-10, 3.4593542040831224e-12, 8.437449278274916e-14, 2.0579144581213616e-15, 5.0193035564066126e-17, 1.2242203796144454e-18, 2.985903364920527e-20, 7.2826911339695425e-22, 1.7762661302404762e-23, 4.332356415230061e-25, 1.0566722963997733e-26, 2.5772495034192176e-28, 6.285974398595442e-30, 1.533164487465093e-31, 3.739425579189635e-33, 9.120550193160469e-35, 2.2245244373596816e-36, 5.425669359421851e-38, 1.3233339901047254e-39, 3.227643878308404e-41, 7.87230214222517e-43, 1.9200736932278146e-44, 4.683106568853198e-46, 1.1422211143555274e-47, 2.7859051569671153e-49, 6.794890626754362e-51, 1.6572903967705055e-52, 4.04217169944271e-54, 9.85895536449954e-56, 2.4046232596350764e-57, 5.8649347795997815e-59, 1.4304718974637333e-60, 3.4889558474731255e-62, 8.509648408471777e-64], "means": [2617208.790627335, 107971943.13375956, 12219909.478260841, 12219909.478260841, 12219909.478260841, 12219909.478260841, 12219909.478260841, 12219909.478260841, 12219909.478260841, 12219909.478260841, 12219909.478260841, 12219909.478260841, 12219909.478260841, 12219909.478260841, 12219909.478260841, 12219909.478260841, 12219909.478260841, 12219909.478260841, 12219909.478260841, 12219909.478260841, 12219909.478260841, 12219909.478260841, 12219909.478260841, 12219909.478260841, 12219909.478260841, 12219909.478260841, 12219909.478260841, 12219909.478260841, 12219909.478260841, 12219909.478260841, 12219909.478260841, 12219909.478260841, 12219909.478260841, 12219909.478260841, 12219909.478260841, 12219909.478260841, 12219909.478260841, 12219909.478260841, 12219909.478260841, 12219909.478260841], "std": [78792400025221.16, 6624076313191976.0, 1628782296732640.2, 1628782296732640.2, 1628782296732640.2, 1628782296732640.2, 1628782296732640.2, 1628782296732640.2, 1628782296732640.2, 1628782296732640.2, 1628782296732640.2, 1628782296732640.2, 1628782296732640.2, 1628782296732640.2, 1628782296732640.2, 1628782296732640.2, 1628782296732640.2, 1628782296732640.2, 1628782296732640.2, 1628782296732640.2, 1628782296732640.2, 1628782296732640.2, 1628782296732640.2, 1628782296732640.2, 1628782296732640.2, 1628782296732640.2, 1628782296732640.2, 1628782296732640.2, 1628782296732640.2, 1628782296732640.2, 1628782296732640.2, 1628782296732640.2, 1628782296732640.2, 1628782296732640.2, 1628782296732640.2, 1628782296732640.2, 1628782296732640.2, 1628782296732640.2, 1628782296732640.2, 1628782296732640.2]}, "Time": {"edge": 267.38939999999997, "max": 363.715, "weights": [0.41567642887135586, 0.5838106073075078, 0.0005004525084257559, 1.220615874213074e-05, 2.977111888333858e-07, 7.261248508153384e-09, 1.7710362215060433e-10, 4.319600540270995e-12, 1.053561107386091e-13, 2.5696612375339544e-15, 6.267466433025937e-17, 1.5286503495223629e-18, 3.728415486648956e-20, 9.09369630892117e-22, 2.2179747094979655e-23, 5.409694413421393e-25, 1.3194376618128398e-26, 3.2181406385743155e-28, 7.849123508732806e-30, 1.9144203679870952e-31, 4.669317970708326e-33, 1.1388580416380523e-34, 2.7777025405849477e-36, 6.774884245339123e-38, 1.6524107915484187e-39, 4.0302702232940646e-41, 9.82992737389989e-43, 2.3975432619295037e-44, 5.847666492517065e-46, 1.4262601201274732e-47, 3.47868321982612e-49, 8.484593219094716e-51, 2.069412980268439e-52, 5.047348732365108e-54, 1.2310606664311543e-55, 3.0025869912968e-57, 7.323382905604489e-59, 1.7861909525869255e-60, 4.3565632989932565e-62, 1.0625764143886914e-63], "means": [151.36974954134777, 36.85718146328291, 83.49047826086938, 83.49047826086938, 83.49047826086938, 83.49047826086938, 83.49047826086938, 83.49047826086938, 83.49047826086938, 83.49047826086938, 83.49047826086938, 83.49047826086938, 83.49047826086938, 83.49047826086938, 83.49047826086938, 83.49047826086938, 83.49047826086938, 83.49047826086938, 83.49047826086938, 83.49047826086938, 83.49047826086938, 83.49047826086938, 83.49047826086938, 83.49047826086938, 83.49047826086938, 83.49047826086938, 83.49047826086938, 83.49047826086938, 83.49047826086938, 83.49047826086938, 83.49047826086938, 83.49047826086938, 83.49047826086938, 83.49047826086938, 83.49047826086938, 83.49047826086938, 83.49047826086938, 83.49047826086938, 83.49047826086938, 83.49047826086938], "std": [2802.0215707153134, 679.3308688294292, 4809.3904110550775, 4809.3904110550775, 4809.3904110550775, 4809.3904110550775, 4809.3904110550775, 4809.3904110550775, 4809.3904110550775, 4809.3904110550775, 4809.3904110550775, 4809.3904110550775, 4809.3904110550775, 4809.3904110550775, 4809.3904110550775, 4809.3904110550775, 4809.3904110550775, 4809.3904110550775, 4809.3904110550775, 4809.3904110550775, 4809.3904110550775, 4809.3904110550775, 4809.3904110550775, 4809.3904110550775, 4809.3904110550775, 4809.3904110550775, 4809.3904110550775, 4809.3904110550775, 4809.3904110550775, 4809.3904110550775, 4809.3904110550775, 4809.3904110550775, 4809.3904110550775, 4809.3904110550775, 4809.3904110550775, 4809.3904110550775, 4809.3904110550775, 4809.3904110550775, 4809.3904110550775, 4809.3904110550775]}}